{
    "20250116_091103_cam1_5set_frame_0774.png": {
        "truth_score": 0,
        "detected_count": 0,
        "TP": 0,
        "FP": 0,
        "TN": 1,
        "FN": 0,
        "Precision": 0.0,
        "Recall": 0.0,
        "Accuracy": 0.9999990000010001
    },
    "20250116_091103_cam1_5set_frame_0775.png": {
        "truth_score": 0,
        "detected_count": 0,
        "TP": 0,
        "FP": 0,
        "TN": 2,
        "FN": 0,
        "Precision": 0.0,
        "Recall": 0.0,
        "Accuracy": 0.99999950000025
    },
    "20250116_091103_cam1_5set_frame_0776.png": {
        "truth_score": 0,
        "detected_count": 0,
        "TP": 0,
        "FP": 0,
        "TN": 3,
        "FN": 0,
        "Precision": 0.0,
        "Recall": 0.0,
        "Accuracy": 0.9999996666667778
    },
    "20250116_091103_cam1_5set_frame_0777.png": {
        "truth_score": 0,
        "detected_count": 0,
        "TP": 0,
        "FP": 0,
        "TN": 4,
        "FN": 0,
        "Precision": 0.0,
        "Recall": 0.0,
        "Accuracy": 0.9999997500000625
    },
    "20250116_091103_cam1_5set_frame_0778.png": {
        "truth_score": 0,
        "detected_count": 0,
        "TP": 0,
        "FP": 0,
        "TN": 5,
        "FN": 0,
        "Precision": 0.0,
        "Recall": 0.0,
        "Accuracy": 0.99999980000004
    },
    "20250116_091103_cam1_5set_frame_0779.png": {
        "truth_score": 0,
        "detected_count": 0,
        "TP": 0,
        "FP": 0,
        "TN": 6,
        "FN": 0,
        "Precision": 0.0,
        "Recall": 0.0,
        "Accuracy": 0.9999998333333611
    },
    "20250116_091103_cam1_5set_frame_0824.png": {
        "truth_score": 0,
        "detected_count": 1,
        "TP": 0,
        "FP": 1,
        "TN": 6,
        "FN": 0,
        "Precision": 0.0,
        "Recall": 0.0,
        "Accuracy": 0.857142734693895
    },
    "20250116_091103_cam1_5set_frame_0834.png": {
        "truth_score": 0,
        "detected_count": 2,
        "TP": 0,
        "FP": 2,
        "TN": 6,
        "FN": 0,
        "Precision": 0.0,
        "Recall": 0.0,
        "Accuracy": 0.7499999062500118
    },
    "20250116_091103_cam1_5set_frame_0844.png": {
        "truth_score": 0,
        "detected_count": 3,
        "TP": 0,
        "FP": 3,
        "TN": 6,
        "FN": 0,
        "Precision": 0.0,
        "Recall": 0.0,
        "Accuracy": 0.6666665925926009
    },
    "20250116_091103_cam1_5set_frame_0857.png": {
        "truth_score": 0,
        "detected_count": 4,
        "TP": 0,
        "FP": 4,
        "TN": 6,
        "FN": 0,
        "Precision": 0.0,
        "Recall": 0.0,
        "Accuracy": 0.599999940000006
    },
    "20250116_091103_cam1_5set_frame_0867.png": {
        "truth_score": 0,
        "detected_count": 5,
        "TP": 0,
        "FP": 5,
        "TN": 6,
        "FN": 0,
        "Precision": 0.0,
        "Recall": 0.0,
        "Accuracy": 0.5454544958677732
    },
    "20250116_091103_cam1_5set_frame_0877.png": {
        "truth_score": 0,
        "detected_count": 6,
        "TP": 0,
        "FP": 6,
        "TN": 6,
        "FN": 0,
        "Precision": 0.0,
        "Recall": 0.0,
        "Accuracy": 0.4999999583333368
    },
    "20250116_091103_cam1_4set_frame_0618.png": {
        "truth_score": 0,
        "detected_count": 0,
        "TP": 0,
        "FP": 0,
        "TN": 1,
        "FN": 0,
        "Precision": 0.0,
        "Recall": 0.0,
        "Accuracy": 0.9999990000010001
    },
    "20250116_091103_cam1_4set_frame_0619.png": {
        "truth_score": 0,
        "detected_count": 0,
        "TP": 0,
        "FP": 0,
        "TN": 2,
        "FN": 0,
        "Precision": 0.0,
        "Recall": 0.0,
        "Accuracy": 0.99999950000025
    },
    "20250116_091103_cam1_4set_frame_0620.png": {
        "truth_score": 0,
        "detected_count": 0,
        "TP": 0,
        "FP": 0,
        "TN": 3,
        "FN": 0,
        "Precision": 0.0,
        "Recall": 0.0,
        "Accuracy": 0.9999996666667778
    },
    "20250116_091103_cam1_4set_frame_0621.png": {
        "truth_score": 0,
        "detected_count": 0,
        "TP": 0,
        "FP": 0,
        "TN": 4,
        "FN": 0,
        "Precision": 0.0,
        "Recall": 0.0,
        "Accuracy": 0.9999997500000625
    },
    "20250116_091103_cam1_4set_frame_0622.png": {
        "truth_score": 0,
        "detected_count": 0,
        "TP": 0,
        "FP": 0,
        "TN": 5,
        "FN": 0,
        "Precision": 0.0,
        "Recall": 0.0,
        "Accuracy": 0.99999980000004
    },
    "20250116_091103_cam1_4set_frame_0623.png": {
        "truth_score": 0,
        "detected_count": 0,
        "TP": 0,
        "FP": 0,
        "TN": 6,
        "FN": 0,
        "Precision": 0.0,
        "Recall": 0.0,
        "Accuracy": 0.9999998333333611
    },
    "20250116_091103_cam1_4set_frame_0658.png": {
        "truth_score": 0,
        "detected_count": 1,
        "TP": 0,
        "FP": 1,
        "TN": 6,
        "FN": 0,
        "Precision": 0.0,
        "Recall": 0.0,
        "Accuracy": 0.857142734693895
    },
    "20250116_091103_cam1_4set_frame_0671.png": {
        "truth_score": 0,
        "detected_count": 2,
        "TP": 0,
        "FP": 2,
        "TN": 6,
        "FN": 0,
        "Precision": 0.0,
        "Recall": 0.0,
        "Accuracy": 0.7499999062500118
    },
    "20250116_091103_cam1_4set_frame_0681.png": {
        "truth_score": 0,
        "detected_count": 3,
        "TP": 0,
        "FP": 3,
        "TN": 6,
        "FN": 0,
        "Precision": 0.0,
        "Recall": 0.0,
        "Accuracy": 0.6666665925926009
    },
    "20250116_091103_cam1_4set_frame_0691.png": {
        "truth_score": 0,
        "detected_count": 4,
        "TP": 0,
        "FP": 4,
        "TN": 6,
        "FN": 0,
        "Precision": 0.0,
        "Recall": 0.0,
        "Accuracy": 0.599999940000006
    },
    "20250116_091103_cam1_4set_frame_0701.png": {
        "truth_score": 0,
        "detected_count": 4,
        "TP": 0,
        "FP": 5,
        "TN": 6,
        "FN": 0,
        "Precision": 0.0,
        "Recall": 0.0,
        "Accuracy": 0.5454544958677732
    },
    "20250116_091103_cam1_4set_frame_0711.png": {
        "truth_score": 0,
        "detected_count": 5,
        "TP": 0,
        "FP": 6,
        "TN": 6,
        "FN": 0,
        "Precision": 0.0,
        "Recall": 0.0,
        "Accuracy": 0.4999999583333368
    }
}